53994839,Agricultural
23853243,Backhoe
28457562,Backhoe
70730713,Backhoe
93256857,Backhoe
58137299,Backhoe
32800537,Backhoe
78159367,Backhoe
55888412,Backhoe
28256043,Backhoe
39822364,Backhoe
36193451,Backhoe
64589495,Backhoe
70558169,Backhoe
63721179,Backhoe
37959575,Backhoe
58108390,Backhoe
81846679,Backhoe
78059985,Backhoe
60273514,Backhoe
38804476,Backhoe
29300192,Backhoe
71308660,Backhoe
31584061,Backhoe
69804070,Backhoe
38771086,Backhoe
81810705,Backhoe
17122992,Backhoe
10132977,Backhoe
67607663,Backhoe
85562147,Backhoe
60322646,Backhoe
26563882,Backhoe
73930382,Backhoe
73930382,Backhoe
99685757,Backhoe
25685461,Backhoe
70214831,Backhoe
97450760,Backhoe
29880240,Backhoe
55186878,Backhoe
91376979,Excavator
50829865,Excavator
67123732,Excavator
82240168,Excavator
23691502,Excavator
87015579,Excavator
83091217,Excavator
17784643,Excavator
55323697,Excavator
30585972,Excavator
29422377,Excavator
25391520,Excavator
89516187,Excavator
94621603,Excavator
35122584,Excavator
35122584,Excavator
75142462,Excavator
53873161,Excavator
70503489,Excavator
61505639,Agricultural
48822637,Agricultural
83742677,Agricultural
83742677,Agricultural
38845249,Agricultural
81963442,Agricultural
17798697,Agricultural
51394885,Other
49945075,Other
94118757,Other
