23691502,PRODUCTION
48383679,PRODUCTION
28457562,PRODUCTION
67715697,PRODUCTION
39822364,PRODUCTION
23853243,PRODUCTION
67123732,PRODUCTION
93256857,PRODUCTION
91376979,PRODUCTION
58137299,PRODUCTION
78159367,PRODUCTION
32533849,PRODUCTION
28256043,PRODUCTION
87015579,PRODUCTION
49945075,PRODUCTION
83091217,PRODUCTION
17122992,PRODUCTION
53994839,PRODUCTION
75142462,PRODUCTION
32800537,PRODUCTION
61505639,PRODUCTION
50829865,PRODUCTION
51394885,PRODUCTION
55888412,PRODUCTION
51818320,PRODUCTION
82240168,PRODUCTION
64589495,PRODUCTION
70558169,PRODUCTION
63721179,PRODUCTION
58108390,PRODUCTION
81846679,PRODUCTION
78059985,PRODUCTION
38804476,PRODUCTION
29300192,PRODUCTION
17784643,PRODUCTION
69804070,PRODUCTION
38771086,PRODUCTION
81810705,PRODUCTION
55323697,PRODUCTION
67607663,PRODUCTION
64647555,PRODUCTION
30585972,PRODUCTION
85562147,PRODUCTION
29422377,PRODUCTION
25391520,PRODUCTION
60322646,PRODUCTION
47337549,PRODUCTION
90312159,PRODUCTION
85185161,PRODUCTION
89516187,PRODUCTION
94621603,PRODUCTION
37959575,PRODUCTION
71308660,PRODUCTION
31584061,PRODUCTION
38845249,PRODUCTION
97767638,PRODUCTION
81963442,PRODUCTION
26563882,PRODUCTION
17798697,PRODUCTION
10333368,PRODUCTION
73930382,PRODUCTION
99685757,PRODUCTION
25685461,PRODUCTION
70214831,PRODUCTION
94118757,PRODUCTION
97450760,PRODUCTION
29880240,PRODUCTION
28035782,PRODUCTION
35122584,PRODUCTION
58462370,PRODUCTION
53873161,PRODUCTION
70503489,PRODUCTION
55186878,PRODUCTION
36193451,PRODUCTION
48822637,PRODUCTION
83742677,PRODUCTION
45935668,PRODUCTION
28599106,PRODUCTION
61266326,PRODUCTION
21814023,PRODUCTION
46270547,PRODUCTION
55151586,PRODUCTION
80423012,PRODUCTION
74031346,PRODUCTION
29037080,PRODUCTION
45290614,PRODUCTION
46071903,PRODUCTION
55164708,PRODUCTION
11386299,PRODUCTION
60273514,PRODUCTION
51920153,PRODUCTION
81810705,PRODUCTION
10132977,PRODUCTION